"run_id","radio_mobile_link_name","site_a","site_b","frequency_mhz","height_tx_m","height_rx_m","gain_tx_dbi","gain_rx_dbi","tx_power_w","tx_power_dbm","line_loss_tx_db","line_loss_rx_db","distance_km","free_space_loss_db","obstruction_loss_db","forest_loss_db","urban_loss_db","statistical_loss_db","clutter_loss_db","total_path_loss_db","received_signal_dbm","receiver_sensitivity_dbm","fade_margin_db","required_reliability_percent","feasible_fm20","feasible_fm30","notes"
"RP_5825_H05_G10","RP 5825MHz H05 G10","Nyarugenge campus Q3","Remera campus Q3","5825.000","5","5","10.00","10.00","0.1","20.00","1.00","1.00","7.159","124.80","-3.18","0.00","1.00","6.54","","129.16","-91.16","-113.02","21.86","70.000","True","False",""
"RP_5825_H05_G12","RP 5825MHz H05 G12","Nyarugenge campus Q3","Remera campus Q3","5825.000","5","5","12.00","12.00","0.1","20.00","1.00","1.00","7.159","124.80","-3.18","0.00","1.00","6.54","","129.16","-87.16","-113.02","25.86","70.000","True","False",""
"RP_5825_H05_G16","RP 5825MHz H05 G16","Nyarugenge campus Q3","Remera campus Q3","5825.000","5","5","16.00","16.00","0.1","20.00","1.00","1.00","7.159","124.80","-3.18","0.00","1.00","6.54","","129.16","-79.16","-113.02","33.86","70.000","True","True",""
"RP_5825_H05_G19","RP 5825MHz H05 G19","Nyarugenge campus Q3","Remera campus Q3","5825.000","5","5","19.00","19.00","0.1","20.00","1.00","1.00","7.159","124.80","-3.18","0.00","1.00","6.54","","129.16","-73.16","-113.02","39.86","70.000","True","True",""
"RP_5825_H05_G24","RP 5825MHz H05 G24","Nyarugenge campus Q3","Remera campus Q3","5825.000","5","5","24.00","24.00","0.1","20.00","1.00","1.00","7.159","124.80","-3.18","0.00","1.00","6.54","","129.16","-63.16","-113.02","49.86","70.000","True","True",""
"RP_5825_H10_G10","RP 5825MHz H10 G10","Nyarugenge campus Q3","Remera campus Q3","5825.000","10","10","10.00","10.00","0.1","20.00","1.00","1.00","7.159","124.80","-5.87","0.00","0.00","6.54","","125.48","-87.48","-113.02","25.54","70.000","True","False",""
"RP_5825_H10_G12","RP 5825MHz H10 G12","Nyarugenge campus Q3","Remera campus Q3","5825.000","10","10","12.00","12.00","0.1","20.00","1.00","1.00","7.159","124.80","-5.87","0.00","0.00","6.54","","125.48","-83.48","-113.02","29.54","70.000","True","False",""
"RP_5825_H10_G16","RP 5825MHz H10 G16","Nyarugenge campus Q3","Remera campus Q3","5825.000","10","10","16.00","16.00","0.1","20.00","1.00","1.00","7.159","124.80","-5.87","0.00","0.00","6.54","","125.48","-75.48","-113.02","37.54","70.000","True","True",""
"RP_5825_H10_G19","RP 5825MHz H10 G19","Nyarugenge campus Q3","Remera campus Q3","5825.000","10","10","19.00","19.00","0.1","20.00","1.00","1.00","7.159","124.80","-5.87","0.00","0.00","6.54","","125.48","-69.48","-113.02","43.54","70.000","True","True",""
"RP_5825_H10_G24","RP 5825MHz H10 G24","Nyarugenge campus Q3","Remera campus Q3","5825.000","10","10","24.00","24.00","0.1","20.00","1.00","1.00","7.159","124.80","-5.87","0.00","0.00","6.54","","125.48","-59.48","-113.02","53.54","70.000","True","True",""
"RP_5825_H15_G10","RP 5825MHz H15 G10","Nyarugenge campus Q3","Remera campus Q3","5825.000","15","15","10.00","10.00","0.1","20.00","1.00","1.00","7.159","124.80","1.71","0.00","0.00","6.55","","133.06","-95.06","-113.02","17.96","70.000","False","False",""
"RP_5825_H15_G12","RP 5825MHz H15 G12","Nyarugenge campus Q3","Remera campus Q3","5825.000","15","15","12.00","12.00","0.1","20.00","1.00","1.00","7.159","124.80","1.71","0.00","0.00","6.55","","133.06","-91.06","-113.02","21.96","70.000","True","False",""
"RP_5825_H15_G16","RP 5825MHz H15 G16","Nyarugenge campus Q3","Remera campus Q3","5825.000","15","15","16.00","16.00","0.1","20.00","1.00","1.00","7.159","124.80","1.71","0.00","0.00","6.55","","133.06","-83.06","-113.02","29.96","70.000","True","False",""
"RP_5825_H15_G19","RP 5825MHz H15 G19","Nyarugenge campus Q3","Remera campus Q3","5825.000","15","15","19.00","19.00","0.1","20.00","1.00","1.00","7.159","124.80","1.71","0.00","0.00","6.55","","133.06","-77.06","-113.02","35.96","70.000","True","True",""
"RP_5825_H15_G24","RP 5825MHz H15 G24","Nyarugenge campus Q3","Remera campus Q3","5825.000","15","15","24.00","24.00","0.1","20.00","1.00","1.00","7.159","124.80","1.71","0.00","0.00","6.55","","133.06","-67.06","-113.02","45.96","70.000","True","True",""
"RP_5825_H20_G10","RP 5825MHz H20 G10","Nyarugenge campus Q3","Remera campus Q3","5825.000","20","20","10.00","10.00","0.1","20.00","1.00","1.00","7.159","124.80","19.43","0.00","0.00","6.55","","150.79","-112.79","-113.02","0.23","70.000","False","False",""
"RP_5825_H20_G12","RP 5825MHz H20 G12","Nyarugenge campus Q3","Remera campus Q3","5825.000","20","20","12.00","12.00","0.1","20.00","1.00","1.00","7.159","124.80","19.43","0.00","0.00","6.55","","150.79","-108.79","-113.02","4.23","70.000","False","False",""
"RP_5825_H20_G16","RP 5825MHz H20 G16","Nyarugenge campus Q3","Remera campus Q3","5825.000","20","20","16.00","16.00","0.1","20.00","1.00","1.00","7.159","124.80","19.43","0.00","0.00","6.55","","150.79","-100.79","-113.02","12.23","70.000","False","False",""
"RP_5825_H20_G19","RP 5825MHz H20 G19","Nyarugenge campus Q3","Remera campus Q3","5825.000","20","20","19.00","19.00","0.1","20.00","1.00","1.00","7.159","124.80","19.43","0.00","0.00","6.55","","150.79","-94.79","-113.02","18.23","70.000","False","False",""
"RP_5825_H20_G24","RP 5825MHz H20 G24","Nyarugenge campus Q3","Remera campus Q3","5825.000","20","20","24.00","24.00","0.1","20.00","1.00","1.00","7.159","124.80","19.43","0.00","0.00","6.55","","150.79","-84.79","-113.02","28.23","70.000","True","False",""
"RP_5825_H25_G10","RP 5825MHz H25 G10","Nyarugenge campus Q3","Remera campus Q3","5825.000","25","25","10.00","10.00","0.1","20.00","1.00","1.00","7.159","124.80","3.89","0.00","0.00","6.56","","135.25","-97.25","-113.02","15.77","70.000","False","False",""
"RP_5825_H25_G12","RP 5825MHz H25 G12","Nyarugenge campus Q3","Remera campus Q3","5825.000","25","25","12.00","12.00","0.1","20.00","1.00","1.00","7.159","124.80","3.89","0.00","0.00","6.56","","135.25","-93.25","-113.02","19.77","70.000","False","False",""
"RP_5825_H25_G16","RP 5825MHz H25 G16","Nyarugenge campus Q3","Remera campus Q3","5825.000","25","25","16.00","16.00","0.1","20.00","1.00","1.00","7.159","124.80","3.89","0.00","0.00","6.56","","135.25","-85.25","-113.02","27.77","70.000","True","False",""
"RP_5825_H25_G19","RP 5825MHz H25 G19","Nyarugenge campus Q3","Remera campus Q3","5825.000","25","25","19.00","19.00","0.1","20.00","1.00","1.00","7.159","124.80","3.89","0.00","0.00","6.56","","135.25","-79.25","-113.02","33.77","70.000","True","True",""
"RP_5825_H25_G24","RP 5825MHz H25 G24","Nyarugenge campus Q3","Remera campus Q3","5825.000","25","25","24.00","24.00","0.1","20.00","1.00","1.00","7.159","124.80","3.89","0.00","0.00","6.56","","135.25","-69.25","-113.02","43.77","70.000","True","True",""
"RP_5825_H30_G10","RP 5825MHz H30 G10","Nyarugenge campus Q3","Remera campus Q3","5825.000","30","30","10.00","10.00","0.1","20.00","1.00","1.00","7.159","124.80","-6.02","0.00","0.00","6.56","","125.34","-87.34","-113.02","25.68","70.000","True","False",""
"RP_5825_H30_G12","RP 5825MHz H30 G12","Nyarugenge campus Q3","Remera campus Q3","5825.000","30","30","12.00","12.00","0.1","20.00","1.00","1.00","7.159","124.80","-6.02","0.00","0.00","6.56","","125.34","-83.34","-113.02","29.68","70.000","True","False",""
"RP_5825_H30_G16","RP 5825MHz H30 G16","Nyarugenge campus Q3","Remera campus Q3","5825.000","30","30","16.00","16.00","0.1","20.00","1.00","1.00","7.159","124.80","-6.02","0.00","0.00","6.56","","125.34","-75.34","-113.02","37.68","70.000","True","True",""
"RP_5825_H30_G19","RP 5825MHz H30 G19","Nyarugenge campus Q3","Remera campus Q3","5825.000","30","30","19.00","19.00","0.1","20.00","1.00","1.00","7.159","124.80","-6.02","0.00","0.00","6.56","","125.34","-69.34","-113.02","43.68","70.000","True","True",""
"RP_5825_H30_G24","RP 5825MHz H30 G24","Nyarugenge campus Q3","Remera campus Q3","5825.000","30","30","24.00","24.00","0.1","20.00","1.00","1.00","7.159","124.80","-6.02","0.00","0.00","6.56","","125.34","-59.34","-113.02","53.68","70.000","True","True",""
